Cód. UO,UO,Grupo de Despesa,Fonte,IPU,IAG,Valor Limite 2023,Valor Utilizado 2023,Valor Transferido,Valor Limite 2024,Valor Utilizado 2024,Valor Limite 2025,Valor Utilizado 2025,Valor Limite 2026,Valor Utilizado 2026
1011,ALMG,3,10,9,0,30000,30000,0,0,30000,0,30000,0,30000
1011,ALMG,3,10,7,0,59273001,59273001,0,0,61347556,0,63494720,0,65717036
1011,ALMG,3,10,1,0,224957043,224957043,0,0,232830540,0,240979608,0,249413895
1011,ALMG,1,10,5,0,298652000,298652000,0,0,0,0,0,0,0
1011,ALMG,1,10,9,0,1000,1000,0,0,1000,0,1000,0,1000
1011,ALMG,5,10,1,0,11953000,11953000,0,0,11953000,0,11953000,0,11953000
1011,ALMG,1,10,1,0,1039248974,1039248974,0,0,1075911126,0,1113940871,0,1153301657
1011,ALMG,4,10,1,0,9945000,9945000,0,0,10293075,0,10653333,0,11026199
1021,TCEMG,4,10,1,0,9000000,9000000,0,9630000,9630000,10304100,10304100,11025387,11025387
1021,TCEMG,1,10,5,0,190996875,190996875,0,204366656,204366656,218672322,218672322,233979385,233979385
1021,TCEMG,3,10,7,0,15624000,15624000,0,16717680,16717680,17887918,17887918,19140072,19140072
1021,TCEMG,3,10,9,0,1000,1000,0,0,1000,0,1000,0,1000
1021,TCEMG,3,10,1,0,118975000,118975000,0,127303250,127303250,136214477,136214477,145749491,145749491
1021,TCEMG,1,10,1,0,557232811,557232811,0,596239108,596239108,637975845,637975845,682634155,682634155
1031,TJMG,3,10,7,0,291041545,291041545,0,311414458,311414458,333213475,333213475,356538423,356538423
1031,TJMG,1,10,1,0,5475133433,5475133433,0,5561092829,5561092829,5648401786,5648401786,5737081490,5737081490
1031,TJMG,3,10,1,0,176140554,176140554,0,188470395,188470395,201663326,201663326,215779762,215779762
1031,TJMG,3,10,9,0,1000,1000,0,0,1000,0,1000,0,1000
1031,TJMG,1,10,5,0,638626858,638626858,0,0,648653300,0,658837157,0,669180900
1051,TJMMG,3,10,1,0,8334190,8334190,0,0,8750899,0,9188444,0,9647866
1051,TJMMG,1,10,9,0,1000,1000,0,0,1000,0,1000,0,1000
1051,TJMMG,1,10,1,0,59903561,59903561,0,0,62898739,0,66043676,0,69345858
1051,TJMMG,3,10,7,0,4868000,4868000,0,0,5111400,0,5366970,0,5635318
1051,TJMMG,1,10,5,0,13476000,13476000,0,0,14149800,0,14857290,0,15600155
1051,TJMMG,4,10,1,0,3289200,3289200,0,0,3453660,0,3626343,0,3807660
1071,GABINETE MILITAR,1,10,1,0,8720657,8720657,0,8857571,8857571,8996635,8996635,9137882,9137882
1071,GABINETE MILITAR,3,10,1,1,1000,1000,0,1070,1070,1145,1145,1225,1225
1071,GABINETE MILITAR,3,10,7,0,1639622,1639622,0,1665364,1665364,1691510,1691510,1718066,1718066
1071,GABINETE MILITAR,3,10,1,0,23799044,23799044,0,25464977,25464977,27247525,27247525,29154852,29154852
1071,GABINETE MILITAR,4,95,1,0,4364900,4364900,0,10417323,10417323,0,0,0,0
1071,GABINETE MILITAR,3,95,1,0,35100,35100,0,0,0,0,0,0,0
1081,AGE,3,10,9,0,70058227,70058227,0,74962303,74962303,80209664,80209664,85824340,85824340
1081,AGE,3,10,1,0,19306410,19306410,0,20657859,20657859,22103909,22103909,23651183,23651183
1081,AGE,3,95,1,0,3126384,3126384,0,0,0,0,0,0,0
1081,AGE,4,95,1,0,7948713,7948713,0,0,0,0,0,0,0
1081,AGE,4,10,1,0,4030000,4030000,0,4312100,4312100,4613947,4613947,4936923,4936923
1081,AGE,1,10,9,0,957335359,957335359,0,1024348834,1024348834,1096053252,1096053252,1172776980,1172776980
1081,AGE,3,10,7,0,21885274,21885274,0,22228873,22228873,22577866,22577866,22932339,22932339
1081,AGE,1,10,1,0,308916731,308916731,0,313766724,313766724,318692861,318692861,323696339,323696339
1091,PGJ,1,10,1,0,1991815000,1991815000,0,2131242050,2131242050,2280428994,2280428994,2440059024,2440059024
1091,PGJ,3,10,1,0,297126000,297126000,0,317924820,317924820,340179557,340179557,363992126,363992126
1091,PGJ,3,10,9,0,1000,1000,0,0,1000,0,1000,0,1000
1091,PGJ,1,10,5,0,43615000,43615000,0,46668050,46668050,49934814,49934814,53430251,53430251
1091,PGJ,5,10,1,0,10000000,10000000,0,10000000,10000000,10000000,10000000,10000000,10000000
1091,PGJ,3,10,7,0,152000000,152000000,0,162640000,162640000,174024800,174024800,186206536,186206536
1091,PGJ,4,10,1,0,10000000,10000000,0,10000000,10000000,10000000,10000000,10000000,10000000
1101,OGE,3,10,7,1,22057,22057,0,22403,22403,22755,22755,23112,23112
1101,OGE,1,10,1,1,47895,47895,0,48646,48647,49410,49411,50186,50186
1101,OGE,3,95,1,0,168267,283497,0,0,0,0,0,0,0
1101,OGE,3,10,7,0,1453390,1453390,0,1476208,1476208,1499384,1499385,1522924,1522925
1101,OGE,1,10,1,0,8702181,8702181,0,8838804,8838805,8977573,8977574,9118520,9118521
1101,OGE,3,10,1,0,1606483,1606483,0,1718937,1718937,1839262,1839262,1968011,1968011
1191,SEF,3,10,1,1,4399326,4399326,0,4707279,4707279,5036789,5036789,5389364,5389364
1191,SEF,3,29,1,0,18247040,18247040,0,19524333,19524333,20891036,20891036,22353409,22353409
1191,SEF,3,10,1,0,231759150,231759150,0,247982291,247982291,265341051,265341051,283914925,283914925
1191,SEF,3,10,7,0,67821894,67821894,0,68886697,68886697,69968218,69968218,71066719,71066719
1191,SEF,3,83,2,0,1300000,1300000,0,1391000,1391000,1488370,1488370,1592556,1592556
1191,SEF,4,10,1,0,24616565,24616565,0,43100987,43100987,46118056,46118056,49346320,49346320
1191,SEF,1,10,1,0,440121154,440121154,0,447157784,447157784,454178175,454178175,461308785,461308785
1191,SEF,1,11,1,0,961979272,961979272,0,976955633,976955633,992293838,992293838,1007872852,1007872852
1191,SEF,3,27,1,0,21000000,21000000,0,22470000,22470000,24042900,24042900,25725903,25725903
1191,SEF,4,48,1,0,15664731,15664731,0,0,0,0,0,0,0
1221,SEDE,4,32,1,0,5000000,5000000,0,0,0,0,0,0,0
1221,SEDE,3,32,1,0,4271500,4271500,0,4570505,4570505,4890440,4890440,5232771,5232771
1221,SEDE,1,10,1,1,2156181,2156181,0,2190033,2190033,2224416,2224416,2259340,2259340
1221,SEDE,3,95,1,0,3772000,3772000,0,953063,953063,0,0,0,0
1221,SEDE,1,10,1,0,19504725,19504725,0,19810948,19810948,20121979,20121979,20437893,20437893
1221,SEDE,3,10,7,1,295538,295538,0,300178,300178,304891,304891,309677,309677
1221,SEDE,3,10,1,0,9634018,9634018,0,10308399,10308399,11029987,11029987,11802086,11802086
1221,SEDE,3,32,1,1,19276680,19276680,0,20626048,20626048,22069871,22069871,23614762,23614762
1221,SEDE,3,10,7,0,3161697,3161697,0,3211335,3211335,3261753,3261753,3312963,3312963
1231,SEAPA,3,95,1,0,384904,384904,0,0,0,0,0,0,0
1231,SEAPA,3,10,1,1,5520276,5520276,0,5906695,5906695,6320164,6320164,6762575,6762575
1231,SEAPA,4,15,1,0,40000000,40000000,0,0,0,0,0,0,0
1231,SEAPA,3,10,7,0,3709498,3709498,0,3767737,3767737,3826890,3826890,3886972,3886972
1231,SEAPA,1,10,1,0,20185944,20185944,0,20502863,20502863,20824758,20824758,21151707,21151707
1231,SEAPA,1,10,1,1,1484684,1484684,0,1507993,1507993,1531669,1531669,1555716,1555716
1231,SEAPA,3,10,7,1,260372,260372,0,264460,264460,268612,268612,272829,272829
1231,SEAPA,3,10,1,0,16209493,16209493,0,17344157,17344157,18558248,18558248,19857325,19857325
1251,PMMG,4,10,1,0,4309402,4309402,0,4611060,4611060,4933834,4933834,5279202,5279202
1251,PMMG,3,82,1,0,10000000,10000000,0,10700000,10700000,11449000,11449000,12250430,12250430
1251,PMMG,3,10,1,1,4518557,4518557,0,4834856,4834856,5173296,5173296,5535427,5535427
1251,PMMG,3,10,7,0,368228222,368228222,0,374009405,374009405,379881353,379881353,385845490,385845490
1251,PMMG,3,10,1,0,233634293,233634293,0,249988694,249988694,267487902,267487902,286212056,286212056
1251,PMMG,1,27,1,0,134672493,134672493,0,140812799,140812799,147233069,147233069,153946067,153946067
1251,PMMG,1,78,1,0,1761536485,1761536485,0,1856485061,1856485061,1956551457,1956551457,2062011531,2062011531
1251,PMMG,1,10,1,0,10743009919,10743009919,0,11283205058,11283205058,11850745287,11850745287,12447023738,12447023738
1251,PMMG,3,60,1,0,5343856,5343856,0,5717926,5717926,6118181,6118181,6546453,6546453
1261,SEE,3,10,1,0,1687098556,1687098556,0,1799820845,1799820845,1925808304,1925808304,2060614885,2060614885
1261,SEE,4,36,1,1,5880951,5880951,0,0,0,0,0,0,0
1261,SEE,4,4,1,0,26100000,26100000,0,0,0,0,0,0,0
1261,SEE,4,3,1,0,30100000,30100000,0,0,0,0,0,0,0
1261,SEE,3,10,7,0,536694,536694,0,545120,545120,553678,553678,562371,562371
1261,SEE,1,23,1,0,10745660186,10745660186,0,10914367050,10914367050,11085722613,11085722613,11259768458,11259768458
1261,SEE,4,13,1,0,150000,150000,0,0,0,0,0,0,0
1261,SEE,1,36,1,1,100,100,0,102,102,104,104,105,105
1261,SEE,1,10,1,0,214801843,214801843,0,218174232,218174232,221599567,221599567,225078680,225078680
1261,SEE,1,23,1,1,60326022,60326022,0,61273144,61273144,62235133,62235133,63212224,63212224
1261,SEE,4,95,1,0,6924996,6924996,0,0,0,0,0,0,0
1261,SEE,4,21,1,1,17357150,17357150,0,0,0,0,0,0,0
1261,SEE,3,36,1,0,319689424,319689424,0,342067684,342067684,366012422,366012422,391633292,391633292
1261,SEE,4,10,1,0,852091603,852091603,0,0,0,0,0,0,0
1261,SEE,4,36,1,0,587131184,587131184,0,0,0,0,0,0,0
1261,SEE,3,10,1,1,969137238,969137238,0,1036976845,1036976845,1109565224,1109565224,1187234790,1187234790
1261,SEE,3,21,1,0,538221334,538221334,0,575896827,575896827,616209605,616209605,659344277,659344277
1261,SEE,1,10,1,1,88840,88840,0,90235,90235,91651,91651,93090,93090
1261,SEE,3,36,1,1,2198241,2198241,0,2352118,2352118,2516766,2516766,2692940,2692940
1261,SEE,3,23,7,1,1364422,1364422,0,1385843,1385843,1407601,1407601,1429700,1429700
1261,SEE,4,21,1,0,132642850,132642850,0,0,0,0,0,0,0
1261,SEE,3,21,1,1,111878666,111878666,0,119710173,119710173,128089885,128089885,137056177,137056177
1261,SEE,3,23,7,0,254177573,254177573,0,258168161,258168161,262221401,262221401,266338277,266338277
1261,SEE,1,36,1,0,100,100,0,102,102,104,104,105,105
1271,SECULT,3,10,7,1,176306,176306,0,179074,179074,181885,181885,184741,184741
1271,SECULT,1,10,1,1,686583,686583,0,697362,697362,708311,708311,719431,719431
1271,SECULT,3,10,1,0,29428682,29428682,0,31488690,31488690,33692898,33692898,36051400,36051400
1271,SECULT,3,10,7,0,5653804,5653804,0,5742569,5742569,5832727,5832727,5924301,5924301
1271,SECULT,1,95,1,0,186536,186536,0,189465,189465,192440,192440,195461,195461
1271,SECULT,3,10,1,1,103822,103822,0,111090,111090,118866,118866,127186,127186
1271,SECULT,1,10,1,0,24450329,24450329,0,24834199,24834199,25224096,25224096,25620115,25620115
1271,SECULT,3,95,1,1,4474955,4474955,0,1040210,1040210,0,0,0,0
1271,SECULT,3,95,7,0,78186,78186,0,79413,79413,80660,80660,81927,81927
1301,SEINFRA,1,10,1,0,10018044,10018044,0,10175327,10175327,10335080,10335080,10497340,10497340
1301,SEINFRA,3,10,7,1,1636138,1636138,0,1661825,1661825,1687916,1687916,1714416,1714416
1301,SEINFRA,4,10,1,1,828904,828904,0,886927,886927,949012,949012,1015443,1015443
1301,SEINFRA,3,10,1,0,9212525,9212525,0,9857402,9857402,10547420,10547420,11285739,11285739
1301,SEINFRA,3,10,7,0,1720301,1720301,0,1747309,1747309,1774742,1774742,1802606,1802606
1301,SEINFRA,4,15,1,0,80000000,80000000,0,0,0,0,0,0,0
1301,SEINFRA,4,32,1,1,4200000,4200000,0,4494000,4494000,4808580,4808580,5145181,5145181
1301,SEINFRA,3,10,1,1,284806,284806,0,304742,304742,326074,326074,348899,348899
1301,SEINFRA,4,32,1,0,65754267,65754267,0,70357066,70357066,75282061,75282061,80551805,80551805
1301,SEINFRA,1,10,1,1,8285116,8285116,0,8415192,8415192,8547311,8547311,8681504,8681504
1301,SEINFRA,4,10,1,0,62154412,62154412,0,66505221,66505221,71160586,71160586,76141827,76141827
1301,SEINFRA,4,95,1,0,201149652,201149652,0,103123735,103123735,0,0,0,0
1371,SEMAD,4,72,1,0,310420,310420,0,225149,225149,240910,240910,257774,257774
1371,SEMAD,4,59,1,0,3969678,3969678,0,0,0,0,0,0,0
1371,SEMAD,3,95,7,0,101435,101435,0,103028,103028,104645,104645,106288,106288
1371,SEMAD,1,72,1,0,119935273,119935273,0,128330742,128330742,137313894,137313894,146925867,146925867
1371,SEMAD,3,31,7,0,32722479,32722479,0,35013053,35013053,37463967,37463967,40086445,40086445
1371,SEMAD,3,72,1,0,22054864,22054864,0,23598704,23598704,25250613,25250613,27018156,27018156
1371,SEMAD,3,72,1,1,49000,49000,0,52430,52430,56100,56100,60027,60027
1371,SEMAD,4,95,1,1,5664497,5664497,0,3919499,3919499,0,0,0,0
1371,SEMAD,3,72,3,0,66593,66593,0,0,71255,0,76243,0,81580
1371,SEMAD,3,95,1,0,530500,530500,0,0,0,0,0,0,0
1371,SEMAD,1,95,1,0,529254,529254,0,537563,537563,546003,546003,554575,554575
1371,SEMAD,3,29,1,0,15428416,15428416,0,16508405,16508405,17663993,17663993,18900473,18900473
1371,SEMAD,3,94,1,0,6940939,6940939,0,7426805,7426805,7946681,7946681,8502949,8502949
1401,CBMMG,4,27,1,0,947032,947032,0,1013324,1013324,1084257,1084257,1160155,1160155
1401,CBMMG,3,10,7,0,49180633,49180633,0,49952769,49952769,50737027,50737027,51533598,51533598
1401,CBMMG,3,27,1,0,9150149,9150149,0,9790659,9790659,10476006,10476006,11209326,11209326
1401,CBMMG,3,10,1,0,37397909,37397909,0,40015763,40015763,42816866,42816866,45814047,45814047
1401,CBMMG,1,10,1,0,1399579694,1399579694,0,1463392636,1463392636,1530115088,1530115088,1599879708,1599879708
1401,CBMMG,3,27,1,1,2000,2000,0,2140,2140,2290,2290,2450,2450
1401,CBMMG,4,95,1,0,13127160,14776703,0,0,0,0,0,0,0
1401,CBMMG,3,95,1,0,2773400,2773400,0,0,0,0,0,0,0
1401,CBMMG,3,60,1,0,3990326,3990326,0,4269649,4269649,4568524,4568524,4888321,4888321
1441,DEF PUB,1,10,5,0,20849164,20849164,0,0,21891622,0,22986204,0,24135513
1441,DEF PUB,1,10,1,0,544434831,544434831,0,0,571656573,0,600239401,0,630251372
1441,DEF PUB,1,10,9,0,1000,1000,0,0,1000,0,1000,0,1000
1441,DEF PUB,3,10,7,0,23226900,23226900,0,0,24388245,0,25607657,0,26888039
1441,DEF PUB,3,10,1,0,116948683,116948683,0,0,122795967,0,129066865,0,135520053
1441,DEF PUB,4,10,1,0,16093860,16093860,0,0,16898553,0,17743481,0,18630655
1451,SEJUSP,1,27,1,0,714887699,714887699,0,726111436,726111436,737511385,737511385,749090314,749090314
1451,SEJUSP,3,27,7,0,185220438,185220438,0,188128399,188128399,191082015,191082015,194082002,194082002
1451,SEJUSP,3,60,1,0,3500000,3500000,0,3745000,3745000,4007150,4007150,4287651,4287651
1451,SEJUSP,3,10,7,0,5360144,5360144,0,5444298,5444298,5529773,5529773,5616591,5616591
1451,SEJUSP,3,27,7,1,2886382,2886382,0,2931698,2931698,2977726,2977726,3024476,3024476
1451,SEJUSP,3,10,1,0,863391460,863391460,0,923828862,923828862,988496883,988496883,1057691664,1057691664
1451,SEJUSP,3,10,1,1,195271142,195271142,0,208940122,208940122,223565930,223565930,239215546,239215546
1451,SEJUSP,3,61,1,0,36500,36500,0,39055,39055,41789,41789,44714,44714
1451,SEJUSP,3,95,1,0,26500000,26500000,0,25800000,25800000,0,0,0,0
1451,SEJUSP,4,95,1,0,6000000,6000000,0,0,0,0,0,0,0
1451,SEJUSP,4,10,1,1,8607689,8607689,0,9210227,9210227,9854943,9854943,10544789,10544789
1451,SEJUSP,1,10,1,1,15991311,15991311,0,16242374,16242374,16497380,16497380,16756388,16756388
1451,SEJUSP,1,10,1,0,1468874652,1468874652,0,1491935984,1491935984,1515359379,1515359379,1539150521,1539150521
1451,SEJUSP,4,10,1,0,4084827,4084827,0,4370765,4370765,4676718,4676718,5004089,5004089
1481,SEDESE,3,10,7,1,66139,66139,0,67178,67178,68232,68232,69304,69304
1481,SEDESE,3,10,7,0,13440127,13440127,0,13651137,13651137,13865460,13865460,14083148,14083148
1481,SEDESE,3,10,1,0,29961644,29961644,0,28260059,28260059,30238264,30238264,32354943,32354943
1481,SEDESE,3,10,1,1,2427411,2427411,0,2597330,2597330,2779143,2779143,2973683,2973683
1481,SEDESE,1,10,1,0,61566194,61566194,0,62532783,62532783,63514548,63514548,64511727,64511727
1481,SEDESE,1,10,1,1,179436,179436,0,182253,182253,185114,185114,188021,188021
1481,SEDESE,3,95,7,0,23507,23507,0,23876,23876,24251,24251,24632,24632
1481,SEDESE,4,10,1,0,200824,200824,0,0,0,0,0,0,0
1481,SEDESE,1,95,1,0,75211,75211,0,76391,76391,77591,77591,78809,78809
1491,SEGOV,4,15,1,0,90000000,90000000,0,0,0,0,0,0,0
1491,SEGOV,4,10,1,0,5923796,5923796,0,6338462,6338462,6782154,6782154,7256905,7256905
1491,SEGOV,3,10,1,1,1000,1000,0,1070,1070,1145,1145,1225,1225
1491,SEGOV,3,10,7,0,5572025,5572025,0,5659506,5659506,5748360,5748360,5838610,5838610
1491,SEGOV,3,10,1,0,20306388,20306388,0,21727835,21727835,23248783,23248783,24876198,24876198
1491,SEGOV,1,10,1,0,37716942,37716942,0,38309098,38309098,38910550,38910550,39521446,39521446
1501,SEPLAG,3,10,1,0,204264126,204264126,0,218562615,218562615,233861998,233861998,250232338,250232338
1501,SEPLAG,3,29,1,0,4593466,4593466,0,4915009,4915009,5259059,5259059,5627193,5627193
1501,SEPLAG,4,10,1,0,52876089,52876089,0,30054238,30054238,32158035,32158035,34409097,34409097
1501,SEPLAG,3,10,7,1,1788,1788,0,1816,1816,1844,1844,1873,1873
1501,SEPLAG,3,95,7,0,5492,5492,0,5578,5578,5665,5665,5754,5754
1501,SEPLAG,4,25,1,1,25653504,25653504,0,25653504,25653504,25653504,25653504,25653504,25653504
1501,SEPLAG,1,10,1,0,135447210,135447210,0,137573731,137573731,139733639,139733639,141927457,141927457
1501,SEPLAG,3,10,7,0,15133845,15133845,0,15371447,15371447,15612778,15612778,15857899,15857899
1501,SEPLAG,3,95,1,1,3111813,3111813,0,480000,480000,0,0,0,0
1501,SEPLAG,3,10,1,1,817396,817396,0,874614,874614,935837,935837,1001345,1001345
1501,SEPLAG,4,95,1,0,4000000,4000000,0,4000000,4000000,0,0,0,0
1501,SEPLAG,4,10,1,1,3587040,3587040,0,3838133,3838133,4106802,4106802,4394278,4394278
1501,SEPLAG,1,95,1,0,96639,96639,0,98157,98157,99698,99698,101263,101263
1511,PCMG,4,10,1,0,29776873,29776873,0,31861254,31861254,34091542,34091542,36477950,36477950
1511,PCMG,3,95,1,1,17996000,17996000,0,17996000,17996000,0,0,0,0
1511,PCMG,4,95,1,0,6501305,6501305,0,22803265,22803265,0,20499078,0,0
1511,PCMG,3,95,1,0,2140000,2140000,0,0,0,0,0,0,0
1511,PCMG,3,60,1,0,101100000,101100000,0,108177000,108177000,115749390,115749390,123851847,123851847
1511,PCMG,3,10,1,0,209092898,209092898,0,223729401,223729401,239390459,239390459,256147791,256147791
1511,PCMG,3,10,7,0,117570854,117570854,0,119416716,119416716,121291559,121291559,123195836,123195836
1511,PCMG,3,82,1,0,40000000,40000000,0,42800000,42800000,45796000,45796000,49001720,49001720
1511,PCMG,3,10,1,1,6907,6907,0,7390,7390,7908,7908,8461,8461
1511,PCMG,1,10,1,0,2681954608,2681954608,0,2724061295,2724061295,2766829057,2766829057,2810268274,2810268274
1511,PCMG,4,82,1,0,1000000,1000000,0,1070000,1070000,1144900,1144900,1225043,1225043
1521,CGE,3,10,7,0,3617690,3617690,0,3674488,3674488,3732177,3732177,3790773,3790773
1521,CGE,3,95,1,0,90028,90028,0,41105,41105,0,0,0,0
1521,CGE,4,95,1,0,723252,723252,0,0,0,0,0,0,0
1521,CGE,1,10,1,0,50856777,50856777,0,51655228,51655228,52466215,52466215,53289935,53289935
1521,CGE,3,10,1,0,2389129,2389129,0,2556368,2556368,2735314,2735314,2926786,2926786
1521,CGE,4,10,1,0,120000,120000,0,0,0,0,0,0,0
1541,ESP MG,3,10,1,0,7554070,7554070,0,8452326,8452326,9043989,9043989,9677068,9677068
1541,ESP MG,3,10,7,0,1416550,1416550,0,1438790,1438790,1461379,1461379,1484322,1484322
1541,ESP MG,1,10,1,0,12725717,12725717,0,12925511,12925511,13128442,13128442,13334558,13334558
1541,ESP MG,4,10,1,0,2708203,2708203,0,2528306,2528306,2705287,2705287,2894657,2894657
1631,SEC. GERAL,4,10,1,0,508700,508700,0,544309,544309,582411,582411,623180,623180
1631,SEC. GERAL,1,10,1,0,11950463,11950463,0,12138085,12138085,12328653,12328653,12522213,12522213
1631,SEC. GERAL,3,10,1,0,157834445,157834445,0,168882856,168882856,180704656,180704656,193353982,193353982
1631,SEC. GERAL,3,10,7,0,2313862,2313862,0,2350189,2350189,2387087,2387087,2424565,2424565
1911,EGE - SEF,3,11,1,0,190001000,190001000,0,0,0,0,0,0,0
1911,EGE - SEF,3,10,1,0,732737161,732737161,0,954203534,954203534,982829640,982829640,1012314529,1012314529
1911,EGE - SEF,3,82,1,0,8420093,8420093,0,8707219,8707219,8968435,8968435,9237488,9237488
1915,PARTICIPAÇÃO EMPRESAS,5,10,1,0,10000,10000,0,10000,10000,10000,10000,10000,10000
1916,GDPE - SEF,6,10,1,0,2365419214,2365419214,0,2646810004,2646810004,2884582539,2884582539,3304775296,3304775296
1916,GDPE - SEF,2,10,1,0,1850410236,1850410236,0,3408851236,3408851236,4661642835,4661642835,5821504127,5821504127
1917,IMOVEIS,3,10,1,0,1000,1000,0,1000,1000,1000,1000,1000,1000
1941,EGE-SEPLAG,4,97,1,0,100000000,100000000,0,100000000,100000000,100000000,100000000,100000000,100000000
1941,EGE-SEPLAG,3,10,1,0,28447586,28447586,0,27855810,27855810,28780613,28780613,29736119,29736119
1941,EGE-SEPLAG,4,10,3,0,38485340,38485340,0,0,0,0,0,0,0
1941,EGE-SEPLAG,3,10,3,0,17923913,17923913,0,0,0,0,0,0,0
1941,EGE-SEPLAG,1,10,1,0,187608472,187608472,0,193844242,193844242,200287279,200287279,206944471,206944471
1991,RC,9,10,1,0,1781951620,1000235058,0,1842716171,1842716171,1897997657,1897997657,1954937587,1954937587
2011,IPSEMG,1,49,1,0,265933672,265933672,0,270108831,270108831,274349540,274349540,278656827,278656827
2011,IPSEMG,4,60,1,0,103823,0,0,0,0,0,0,0,0
2011,IPSEMG,3,50,1,0,720759560,720759560,0,771212729,771212729,825197620,825197620,882961453,882961453
2011,IPSEMG,4,50,1,0,38716582,38716582,0,10909241,10909241,11672888,11672888,12489990,12489990
2011,IPSEMG,3,49,1,0,99999629,99999629,0,106999603,106999603,114489575,114489575,122503845,122503845
2011,IPSEMG,3,49,7,0,38044059,38044059,0,38641350,38641350,39248020,39248020,39864214,39864214
2011,IPSEMG,3,10,9,0,1362113,1362113,0,1457461,1457461,1559483,1559483,1668647,1668647
2011,IPSEMG,3,60,1,0,176651405,172865438,3785967,185108030,185108030,198065592,198065592,211930183,211930183
2011,IPSEMG,1,10,9,0,43535814,43535814,0,46583321,46583321,49844153,49844153,53333244,53333244
2041,LEMG,1,60,1,0,3634866,1821034,1813832,1849624,1849624,1878663,1878663,1908158,1908158
2041,LEMG,3,60,7,0,394745,394745,0,400943,400943,407238,407238,413631,413631
2041,LEMG,3,60,9,0,1355997,1355997,0,1450917,1450917,1552481,1552481,1661155,1661155
2041,LEMG,1,60,9,0,223720,223720,0,239380,239380,256137,256137,274067,274067
2041,LEMG,3,60,1,0,5538860,5314427,224433,5940852,5940852,6356712,6356712,6801682,6801682
2061,FJP,1,10,1,0,37933407,37933407,0,38528961,38528961,39133866,39133866,39748268,39748268
2061,FJP,1,10,9,0,1597175,1597175,0,1708977,1708977,1828606,1828606,1956608,1956608
2061,FJP,3,10,7,0,3631019,3631019,0,3688026,3688026,3745928,3745928,3804739,3804739
2061,FJP,3,10,1,0,11782718,11782718,0,12607508,12607508,13490034,13490034,14434336,14434336
2061,FJP,4,10,1,0,36030,36030,0,0,38552,0,41251,0,44138
2061,FJP,3,60,1,0,2600000,2600000,0,2782000,2782000,2976740,2976740,3185112,3185112
2071,FAPEMIG,3,10,3,0,3684013,3684013,0,0,0,0,0,0,0
2071,FAPEMIG,1,10,1,0,10470250,10470250,0,10634633,10634633,10801597,10801597,10971182,10971182
2071,FAPEMIG,5,10,1,0,2000000,2000000,0,2000000,2000000,2000000,2000000,2000000,2000000
2071,FAPEMIG,3,60,9,0,1000,1000,0,0,0,0,0,0,0
2071,FAPEMIG,4,10,1,0,101106495,101106495,0,95978495,95978495,95978495,95978495,95978495,95978495
2071,FAPEMIG,1,60,1,0,19629,0,19629,0,0,0,0,0,0
2071,FAPEMIG,3,10,1,0,328081414,328081414,0,331817073,331817073,355044268,355044268,379897367,379897367
2071,FAPEMIG,3,10,7,0,1573714,1573714,0,1598421,1598421,1623516,1623516,1649005,1649005
2091,FEAM,1,72,1,0,5717536,5717536,0,6117764,6117764,6546007,6546007,7004227,7004227
2091,FEAM,3,72,7,0,4996985,4996985,0,5346774,5346774,5721048,5721048,6121521,6121521
2091,FEAM,3,52,1,0,25346474,13053590,12292884,27421834,27421834,29642469,29642469,32018549,32018549
2091,FEAM,3,72,1,0,4918223,4918223,0,5262499,5262499,5630874,5630874,6025035,6025035
2091,FEAM,3,95,7,0,64675,64675,0,65690,65690,66721,66721,67769,67769
2091,FEAM,3,95,1,0,413679,413679,0,0,0,0,0,0,0
2091,FEAM,1,60,1,0,21399072,21399072,0,22897007,22897007,24499798,24499798,26214783,26214783
2091,FEAM,3,91,1,0,108500,108500,0,116095,116095,124222,124222,132917,132917
2091,FEAM,1,60,9,0,1020928,1020928,0,1092393,1092393,1168860,1168860,1250681,1250681
2091,FEAM,4,72,1,0,4000000,4000000,0,0,0,0,0,0,0
2091,FEAM,1,95,1,0,202417,202417,0,205595,205595,208823,208823,212101,212101
2101,IEF,3,95,1,1,360000,360000,0,0,0,0,0,0,0
2101,IEF,3,72,1,0,62838282,62838282,0,67236962,67236962,71943549,71943549,76979597,76979597
2101,IEF,3,72,7,0,24764751,24764751,0,26498284,26498284,28353164,28353164,30337885,30337885
2101,IEF,1,26,1,0,117926644,117926644,0,119778098,119778098,121658620,121658620,123568665,123568665
2101,IEF,4,61,1,0,5919168,5919168,0,0,0,0,0,0,0
2101,IEF,3,61,1,0,19013132,19013132,0,20344051,20344051,21768135,21768135,23291904,23291904
2101,IEF,5,61,1,0,12569700,12569700,0,13449579,13449579,14391050,14391050,15398424,15398424
2101,IEF,1,60,9,0,686069,686069,0,734094,734094,785480,785480,840464,840464
2101,IEF,3,26,1,0,2651707,2651707,0,2837326,2837326,3035939,3035939,3248455,3248455
2101,IEF,4,72,1,0,4706301,4706301,0,0,0,0,0,0,0
2101,IEF,4,91,1,0,974717,974717,0,1042947,1042947,1115953,1115953,1194070,1194070
2101,IEF,3,91,1,0,17866283,17866283,0,19116923,19116923,20455108,20455108,21886966,21886966
2101,IEF,3,95,7,0,285511,285511,0,289993,289993,294546,294546,299171,299171
2101,IEF,3,95,1,0,20678431,20678431,0,11866422,11866422,3639783,3639783,0,0
2101,IEF,1,95,1,0,521264,521264,0,529448,529448,537760,537760,546203,546203
2101,IEF,3,52,1,0,3503000,3503000,0,3748210,3748210,4010585,4010585,4291326,4291326
2101,IEF,3,60,1,0,16764931,14847258,1917673,17938476,17938476,19194169,19194169,20537761,20537761
2101,IEF,5,95,1,0,5690000,5690000,0,5700000,5700000,0,0,0,0
2101,IEF,3,72,3,0,10385,10385,0,0,0,0,0,0,0
2101,IEF,4,95,1,0,2695000,2695000,0,3170100,3170100,0,0,0,0
2121,IPSM,3,60,1,0,159200483,158848603,351880,170072119,170072119,181977166,181977166,194715568,194715568
2121,IPSM,3,49,1,0,5503397,5503397,0,5630340,5630340,6024464,6024464,6446176,6446176
2121,IPSM,1,10,1,0,1933473612,1933473612,0,1997956738,1997956738,2064594913,2064594913,2133460402,2133460402
2121,IPSM,3,60,9,0,96312,96312,0,103054,103054,110268,110268,117986,117986
2121,IPSM,3,10,1,0,731171705,731171705,0,781326801,781326801,836019678,836019678,894541055,894541055
2121,IPSM,3,50,1,0,2622600,2622600,0,2806182,2806182,3002615,3002615,3212798,3212798
2121,IPSM,3,10,7,0,3573435,3573435,0,3629538,3629538,3686521,3686521,3744400,3744400
2121,IPSM,4,60,1,0,451284,451284,0,482874,482874,516675,516675,552842,552842
2121,IPSM,1,60,9,0,9306357,9306357,0,9957802,9957802,10654848,10654848,11400687,11400687
2151,FHA,3,60,9,0,1000,1000,0,0,1000,0,1000,0,1000
2151,FHA,4,10,1,0,13810000,13810000,0,0,13886045,0,13942000,0,14043000
2151,FHA,1,10,1,0,31638059,31638059,0,32134776,32134776,32639292,32639292,33151729,33151729
2151,FHA,3,10,1,0,12504742,12504742,0,13380074,13380074,14316679,14316679,15318847,15318847
2151,FHA,3,10,7,0,7276245,7276245,0,7390482,7390482,7506513,7506513,7624365,7624365
2161,FUCAM,4,10,1,0,4665633,4665633,0,0,0,0,0,0,0
2161,FUCAM,3,10,9,0,1000,1000,0,0,0,0,0,0,0
2161,FUCAM,3,10,1,0,5909315,5909315,0,6322967,6322967,6765575,6765575,7239165,7239165
2161,FUCAM,3,10,7,0,2009821,2009821,0,2041375,2041375,2073424,2073424,2105977,2105977
2161,FUCAM,1,10,1,0,8473225,8473225,0,8606254,8606254,8741373,8741373,8878612,8878612
2171,FAOP,3,60,1,0,100000,100000,0,107000,107000,114490,114490,122504,122504
2171,FAOP,3,10,1,0,1293965,1293965,0,1384543,1384543,1481461,1481461,1585163,1585163
2171,FAOP,1,10,9,0,1000,1000,0,0,1000,0,1000,0,1000
2171,FAOP,1,10,1,0,2204566,2204566,0,0,2239178,0,2274333,0,2310040
2171,FAOP,3,10,7,0,687635,687635,0,698430,698430,709396,709396,720533,720533
2181,FCS,3,60,1,0,3744000,4308048,0,4006080,4006080,4286506,4286506,4586561,4586561
2181,FCS,3,10,1,0,17715202,17715202,0,18955266,18955266,20282135,20282135,21701884,21701884
2181,FCS,3,10,9,0,1000,1000,0,0,1000,0,1000,0,1000
2181,FCS,1,10,1,0,22501503,22501503,0,22854777,22854777,23213597,23213597,23578050,23578050
2181,FCS,3,10,7,0,5125252,5125252,0,5205718,5205718,5287448,5287448,5370461,5370461
2201,IEPHA,3,10,7,0,1745075,1745075,0,1867230,1867230,1997936,1997936,2137792,2137792
2201,IEPHA,3,95,7,0,13032,13032,0,13236,13236,13444,13444,13655,13655
2201,IEPHA,3,10,1,0,5265744,5265744,0,5634346,5634346,6028750,6028750,6450763,6450763
2201,IEPHA,1,95,1,0,52679,52679,0,53506,53506,54346,54346,55200,55200
2201,IEPHA,1,10,9,0,471966,471966,0,505004,505004,540354,540354,578179,578179
2201,IEPHA,3,95,1,0,336399,336399,0,0,0,0,0,0,0
2201,IEPHA,1,10,1,0,10587505,10587505,0,11328630,11328630,12121634,12121634,12970148,12970148
2211,TV MINAS,3,60,1,0,2400000,2400000,0,2568000,2568000,2747760,2747760,2940103,2940103
2211,TV MINAS,3,10,1,0,7355893,7355893,0,7870806,7870806,8421762,8421762,9011285,9011285
2211,TV MINAS,3,10,7,0,3484441,3484441,0,3539146,3539146,3594711,3594711,3651148,3651148
2211,TV MINAS,1,10,1,0,8144164,8144164,0,8272027,8272027,8401898,8401898,8533808,8533808
2211,TV MINAS,1,10,9,0,1701674,1701674,0,1820791,1820791,1948247,1948247,2084624,2084624
2241,IGAM,3,10,8,0,92773,0,0,0,0,0,0,0,0
2241,IGAM,3,61,1,0,81613245,81613245,0,87326172,87326172,93439004,93439004,99979734,99979734
2241,IGAM,1,72,1,0,13318308,13318308,0,14250590,14250590,15248131,15248131,16315500,16315500
2241,IGAM,1,95,1,0,378794,378794,0,384741,384741,390781,390781,396917,396917
2241,IGAM,3,95,7,0,112647,112647,0,114416,114416,116212,116212,118037,118037
2241,IGAM,3,72,7,0,5000784,5000784,0,5350839,5350839,5725398,5725398,6126176,6126176
2241,IGAM,3,91,1,0,13707657,13707657,0,14667193,14667193,15693897,15693897,16792470,16792470
2241,IGAM,3,72,1,0,13198914,13199914,0,14122838,14122838,15111437,15111437,16169237,16169237
2241,IGAM,3,60,9,0,1000,1000,0,0,0,0,0,0,0
2241,IGAM,1,60,1,0,25053246,25053246,0,26806973,26806973,28683461,28683461,30691303,30691303
2251,JUCEMG,3,60,1,0,7930424,7930424,0,8485554,8485554,9079542,9079542,9715110,9715110
2251,JUCEMG,1,60,1,0,18585504,15323166,3262338,15563739,15563739,15808090,15808090,16056277,16056277
2251,JUCEMG,1,60,9,0,96265,96265,0,103004,103004,110214,110214,117929,117929
2251,JUCEMG,4,60,1,0,3789120,3789120,0,4054358,4054358,4338163,4338163,4641835,4641835
2251,JUCEMG,3,60,7,0,4910055,4910055,0,4987143,4987143,5065441,5065441,5144969,5144969
2261,FUNED,3,10,7,0,15838941,15838941,0,16087613,16087613,16340188,16340188,16596729,16596729
2261,FUNED,4,95,1,0,0,0,0,8345067,0,0,0,0,0
2261,FUNED,1,60,1,0,28302185,0,0,0,0,0,0,0,0
2261,FUNED,1,60,9,0,3316364,3316364,0,3548509,3548509,3796905,3796905,4062689,4062689
2261,FUNED,3,95,1,0,1200000,1200000,0,0,8345067,0,0,0,0
2261,FUNED,3,10,3,0,80400,80400,0,0,0,0,0,0,0
2261,FUNED,1,10,1,0,87214630,87214630,0,88583900,88583900,89974667,89974667,91387269,91387269
2261,FUNED,4,10,1,0,47290452,47290452,0,50600784,50600784,54142839,54142839,57932838,57932838
2261,FUNED,3,10,1,0,613184342,613184342,0,656107246,656107246,702034753,702034753,751177186,751177186
2271,FHEMIG,4,10,1,0,93574118,93574118,0,100124306,100124306,107133007,107133007,114632317,114632317
2271,FHEMIG,3,10,1,0,606081426,606081426,0,648507126,648507126,693902625,693902625,742475809,742475809
2271,FHEMIG,1,60,1,0,282810306,0,0,0,0,0,0,0,0
2271,FHEMIG,4,95,1,0,27069642,27069642,0,35024000,35024000,0,0,0,0
2271,FHEMIG,3,60,9,0,684949,684949,0,732895,732895,784198,784198,839092,839092
2271,FHEMIG,3,10,7,0,191827451,191827451,0,194839142,194839142,197898117,197898117,201005117,201005117
2271,FHEMIG,1,10,1,0,1143616997,1143616997,0,1161571784,1161571784,1179808461,1179808461,1198331454,1198331454
2271,FHEMIG,1,60,9,0,7738716,7738716,0,8280426,8280426,8860056,8860056,9480260,9480260
2281,UTRAMIG,3,10,7,0,569471,569471,0,578412,578412,587493,587493,596717,596717
2281,UTRAMIG,1,10,1,0,2126197,2126197,0,2159578,2159578,2193483,2193483,2227921,2227921
2281,UTRAMIG,4,10,1,0,458,458,0,0,0,0,0,0,0
2281,UTRAMIG,3,10,1,0,4806014,4806014,0,5142435,5142435,5502405,5502405,5887574,5887574
2281,UTRAMIG,3,10,9,0,1000,1000,0,0,0,0,0,0,0
2301,DER-MG,4,32,1,0,150503352,150503352,0,0,0,0,0,0,0
2301,DER-MG,3,10,9,0,7469570,7469570,0,7469570,7469570,7469570,7469570,7469570,7469570
2301,DER-MG,4,47,1,0,5000000,5000000,0,5350000,5350000,5724500,5724500,6125215,6125215
2301,DER-MG,3,91,1,0,2791400,2791400,0,2986798,2986798,3195874,3195874,3419585,3419585
2301,DER-MG,4,25,1,0,14152325,14152325,0,0,0,0,0,0,0
2301,DER-MG,4,95,1,0,409331297,409331297,0,100809845,100809845,0,62500000,0,0
2301,DER-MG,3,10,1,0,52405200,52405200,0,56073564,56073564,59998713,59998713,64198623,64198623
2301,DER-MG,4,51,1,0,37754974,37754974,0,40397822,40397822,43225670,43225670,46251467,46251467
2301,DER-MG,4,33,1,0,31880359,31880359,0,0,0,0,0,0,0
2301,DER-MG,3,60,1,0,1803400,1803400,0,1929638,1929638,2064713,2064713,2209243,2209243
2301,DER-MG,1,10,1,0,140846712,140846712,0,143058005,143058005,145304016,145304016,147585289,147585289
2301,DER-MG,3,10,7,0,26535812,26535812,0,26952424,26952424,27375577,27375577,27805374,27805374
2301,DER-MG,1,10,9,0,1276526,1276526,0,1276526,1276526,1276526,1276526,1276526,1276526
2311,UNIMONTES,3,60,9,0,288704,288704,0,308913,308913,330537,330537,353675,353675
2311,UNIMONTES,1,60,9,0,128577,128577,0,137577,137577,147208,147208,157512,157512
2311,UNIMONTES,1,10,1,0,275013181,275013181,0,279330888,279330888,283716383,283716383,288170730,288170730
2311,UNIMONTES,3,10,3,0,152,152,0,0,0,0,0,0,0
2311,UNIMONTES,3,10,7,0,41553848,41553848,0,42206243,42206243,42868881,42868881,43541923,43541923
2311,UNIMONTES,1,60,1,0,1054347,1054347,0,1070900,1070900,1087713,1087713,1104790,1104790
2311,UNIMONTES,4,10,1,0,8579186,8579186,0,0,0,0,0,0,0
2311,UNIMONTES,3,10,1,0,102294829,102294829,0,109455467,109455467,117117350,117117350,125315565,125315565
2321,HEMOMINAS,4,10,3,0,5278692,5278692,0,5648200,5648200,6043574,6043574,6466624,6466624
2321,HEMOMINAS,3,10,1,0,171628456,171628456,0,183642448,183642448,196497419,196497419,210252238,210252238
2321,HEMOMINAS,1,60,1,0,21269692,0,0,0,0,0,0,0,0
2321,HEMOMINAS,4,10,1,0,13533484,13533484,0,14480828,14480828,15494486,15494486,16579100,16579100
2321,HEMOMINAS,1,60,9,0,4286641,4286641,0,4586706,4586706,4907775,4907775,5251320,5251320
2321,HEMOMINAS,3,10,7,0,27773822,27773822,0,28209871,28209871,28652766,28652766,29102614,29102614
2321,HEMOMINAS,1,10,1,0,141074030,141074030,0,143288892,143288892,145538528,145538528,147823483,147823483
2351,UEMG,1,60,9,0,1495000,1495000,0,1599650,1599650,1711626,1711626,1831439,1831439
2351,UEMG,3,10,1,0,120000000,120000000,0,128400000,128400000,137388000,137388000,147005160,147005160
2351,UEMG,4,10,1,0,30000000,30000000,0,32100000,32100000,34347000,34347000,36751290,36751290
2351,UEMG,4,10,8,1,10000,10000,0,0,0,0,0,0,0
2351,UEMG,1,10,1,0,201628096,201628096,0,204793657,204793657,208008917,208008917,211274657,211274657
2351,UEMG,3,10,7,0,39685843,39685843,0,40308911,40308911,40941761,40941761,41584546,41584546
2351,UEMG,1,10,9,0,671315,671315,0,718307,718307,768589,768589,822390,822390
2361,IPLEMG,3,60,9,0,1000,1000,0,0,0,0,0,0,0
2371,IMA,3,91,3,0,19127,19127,0,0,19427,0,19732,0,20042
2371,IMA,1,10,1,0,143829643,143829643,0,151719453,151719453,154101449,154101449,156520842,156520842
2371,IMA,1,95,1,1,952685,952685,0,967642,967642,982834,982834,998265,998265
2371,IMA,4,91,3,0,52500,52500,0,0,53324,0,54161,0,55012
2371,IMA,3,10,7,1,4450217,4450217,0,4520085,4520085,4591051,4591051,4663130,4663130
2371,IMA,4,91,1,1,1000,1000,0,0,1015,0,1031,0,1048
2371,IMA,1,10,1,1,27900588,27900588,0,28338628,28338628,28783544,28783544,29235446,29235446
2371,IMA,3,10,7,0,28786240,28786240,0,29238184,29238184,29697223,29697223,30163469,30163469
2371,IMA,4,91,1,0,254175,254175,0,0,258165,0,262219,0,266335
2371,IMA,3,91,1,0,10646364,10646364,0,11391609,11391609,12189022,12189022,13042254,13042254
2371,IMA,4,95,1,1,3013160,3013160,0,0,0,0,0,0,0
2371,IMA,3,95,1,0,500000,500000,0,3000000,3000000,0,0,0,0
2371,IMA,1,91,1,0,8446514,8446514,0,8579125,8579125,8713818,8713818,8850625,8850625
2371,IMA,3,60,1,0,4000000,4000000,0,4280000,4280000,4579600,4579600,4900172,4900172
2371,IMA,1,91,9,0,3055398,3055398,0,3269276,3269276,3498125,3498125,3742994,3742994
2371,IMA,3,91,1,1,2728210,2728210,0,2919185,2919185,3123528,3123528,3342175,3342175
2371,IMA,1,60,1,0,5544633,5544633,0,0,0,0,0,0,0
2371,IMA,3,95,7,1,613993,613993,0,623632,623632,633423,633423,643368,643368
2371,IMA,3,95,1,1,3220000,3220000,0,1720000,1720000,0,0,0,0
2371,IMA,4,60,1,0,2008764,2008764,0,0,2040301,0,2072334,0,2104870
2421,IDENE,3,10,9,0,1000,1000,0,0,1000,0,1000,0,1000
2421,IDENE,1,10,1,0,8681659,8681659,0,8817961,8817961,8956403,8956403,9097019,9097019
2421,IDENE,3,10,1,0,5384673,563000,0,5761600,5761600,6164912,6164912,6596456,6596456
2421,IDENE,3,10,7,1,150596,150596,0,152960,152960,155362,155362,157801,157801
2421,IDENE,3,10,7,0,2205974,2205974,0,2240608,2240608,2275786,2275786,2311516,2311516
2421,IDENE,1,10,1,1,604697,604697,0,614190,614190,623833,623833,633627,633627
2421,IDENE,3,10,1,1,13502000,2000,0,537140,537140,574740,574740,614972,614972
2421,IDENE,4,10,1,0,235960,235960,0,252477,252477,270150,270150,289061,289061
2431,AGÊNCIA RMBH,3,10,9,0,1000,1000,0,0,1000,0,1000,0,1000
2431,AGÊNCIA RMBH,3,60,1,0,917000,917000,0,981190,981190,1049873,1049873,1123364,1123364
2431,AGÊNCIA RMBH,3,10,7,0,605925,605925,0,615438,615438,625100,625100,634914,634914
2431,AGÊNCIA RMBH,1,10,1,0,4272847,4272847,0,4339931,4339931,4408068,4408068,4477275,4477275
2431,AGÊNCIA RMBH,3,10,1,0,47956,47956,0,51313,51313,54905,54905,58748,58748
2431,AGÊNCIA RMBH,3,95,1,0,2821000,2821000,0,797306,797306,0,0,0,0
2441,ARSAE -MG,3,59,7,0,1431874,1431874,0,1454354,1454354,1477188,1477188,1500379,1500379
2441,ARSAE -MG,3,59,1,0,4010708,2925131,1085577,3129890,3129890,3348982,3348982,3583411,3583411
2441,ARSAE -MG,4,95,1,0,42324,42324,0,0,0,0,0,0,0
2441,ARSAE -MG,3,59,9,0,1000,1000,0,0,0,0,0,0,0
2441,ARSAE -MG,1,59,1,0,11997344,11997344,0,12185702,12185702,12377018,12377018,12571337,12571337
2461,ARMVA,3,10,1,0,230106,230106,0,246213,246213,263448,263448,281890,281890
2461,ARMVA,3,10,7,0,291390,291390,0,295965,295965,300611,300611,305331,305331
2461,ARMVA,1,10,1,1,90952,90952,0,92380,92380,93830,93830,95303,95303
2461,ARMVA,3,10,7,1,19820,19820,0,20131,20131,20447,20447,20768,20768
2461,ARMVA,3,60,1,0,60000,60000,0,64200,64200,68694,68694,73503,73503
2461,ARMVA,4,32,1,1,20000,20000,0,21400,21400,22898,22898,24501,24501
2461,ARMVA,3,10,9,0,1000,1000,0,0,0,0,0,0,0
2461,ARMVA,1,10,1,0,1626617,1626617,0,1652155,1652155,1678094,1678094,1704440,1704440
2461,ARMVA,3,10,1,1,271090,271090,0,290066,290066,310371,310371,332097,332097
2461,ARMVA,3,32,1,0,223600,223600,0,239252,239252,256000,256000,273920,273920
2461,ARMVA,3,32,1,1,730000,730000,0,781100,781100,835777,835777,894281,894281
3041,EMATER,3,60,3,0,225720,225720,0,0,0,0,0,0,0
3041,EMATER,1,10,1,0,208880874,208880874,0,212160304,212160304,215491221,215491221,218874433,218874433
3041,EMATER,1,67,1,0,42459368,42459368,0,43125981,43125981,43803058,43803058,44490766,44490766
3041,EMATER,4,60,3,0,153456,153456,0,0,0,0,0,0,0
3041,EMATER,1,60,9,0,1000,1000,0,0,1000,0,1000,0,1000
3041,EMATER,1,60,1,0,15531962,15531962,0,15775814,15775814,16023495,16023495,16275063,16275063
3051,EPAMIG,1,10,1,0,102208236,102208236,0,103812905,103812905,105442768,105442768,107098219,107098219
3051,EPAMIG,4,10,1,0,20200000,20200000,0,0,0,0,0,0,0
3051,EPAMIG,1,10,9,0,1000,1000,0,0,0,0,0,0,0
3051,EPAMIG,3,10,1,0,13000000,13000000,0,13910000,13910000,14883700,14883700,15925559,15925559
3151,EMC,4,10,1,0,92439,92439,0,0,0,0,0,0,0
3151,EMC,3,60,1,0,1100000,1100000,0,1177000,1177000,1259390,1259390,1347547,1347547
3151,EMC,3,10,9,0,1000,1000,0,0,1000,0,1000,0,1000
3151,EMC,1,10,1,0,12174567,12174567,0,12365708,12365708,12559849,12559849,12757039,12757039
3151,EMC,3,10,1,0,6453732,6453732,0,6716749,6716749,6899267,6899267,7094562,7094562
4101,FEH,5,60,1,0,16823595,16823595,0,17261049,17261049,17422230,17422230,17728886,17728886
4101,FEH,3,60,1,0,1391000,1391000,0,1391000,1391000,1391000,1391000,1391000,1391000
4151,FASTUR,3,10,1,0,1000,1000,0,1000,1000,1000,1000,1000,1000
4171,FUNDERUR,3,10,1,0,2000,2000,0,2000,2000,2000,2000,2000,2000
4251,FEAS,3,10,1,0,95438372,95438372,0,102119128,102119128,109267537,109267537,116916335,116916335
4251,FEAS,3,10,1,1,1000,1000,0,1000,1000,1000,1000,1000,1000
4251,FEAS,4,10,1,0,500000,500000,0,0,0,0,0,0,0
4291,FES,4,10,1,1,5108728,5108728,0,10108728,10108728,10108728,10108728,10108728,10108728
4291,FES,3,95,7,0,945370,945370,0,1011546,1011546,1082354,1082354,1158119,1158119
4291,FES,1,95,1,1,614175,614175,0,614175,614175,614175,614175,614175,614175
4291,FES,3,10,7,0,46403856,46403856,0,47132397,47132397,47872376,47872376,48623973,48623973
4291,FES,1,10,1,0,395899036,395899036,0,402114852,402114852,408427852,408427852,414840170,414840170
4291,FES,3,10,1,1,1912766174,1912766174,0,2087687144,2087687144,2233825244,2233825244,2390193011,2390193011
4291,FES,4,95,1,1,719803714,719803714,0,303792990,303792990,0,0,0,0
4291,FES,3,10,1,0,6667600796,6230592584,0,6621591418,6621591418,7085102817,7085102817,7581060014,7581060014
4291,FES,3,10,3,1,558873,558873,0,558873,558873,558873,558873,558873,558873
4291,FES,3,95,7,1,196952,196952,0,196952,196952,196952,196952,196952,196952
4291,FES,3,10,7,1,1303024,1303024,0,1323482,1323482,1344261,1344261,1365366,1365366
4291,FES,1,95,1,0,2950673,2950673,0,3157220,3157220,3378225,3378225,3614701,3614701
4291,FES,4,10,1,0,280262033,280262033,0,266483886,266483886,266483886,266483886,266483886,266483886
4291,FES,1,10,1,1,9517546,9517546,0,9666972,9666972,9818744,9818744,9972899,9972899
4321,FUNPREN,3,10,1,0,1000,1000,0,1000,1000,1000,1000,1000,1000
4331,FDM,3,59,1,0,2793545,2793545,0,2989093,2989093,3198330,3198330,3422213,3422213
4331,FDM,3,10,1,0,2793545,2793545,0,2989093,2989093,3198330,3198330,3422213,3422213
4341,FHIDRO,3,31,1,0,26172634,26172634,0,28004718,28004718,29965048,29965048,32062601,32062601
4341,FHIDRO,4,31,1,0,6549845,6549845,0,0,0,0,0,0,0
4381,FUNTRANS,4,54,1,0,3962577,0,3962577,0,0,0,0,0,0
4381,FUNTRANS,3,83,1,0,67300000,51000000,0,72011000,72011000,77051770,77051770,82445394,82445394
4381,FUNTRANS,5,60,1,0,207576050,0,207576050,222106374,0,237653820,0,254289587,0
4381,FUNTRANS,4,83,1,0,211898738,121000000,90898738,226731650,226731650,242602866,242602866,259585067,259585067
4381,FUNTRANS,3,60,1,0,10190760,0,10190760,10904113,0,11667401,0,12484119,0
4381,FUNTRANS,4,60,1,0,55734880,0,55734880,0,0,0,0,0,0
4531,FIIT,3,10,1,0,1000,1000,0,1000,1000,1000,1000,1000,1000
4541,FAHMEMG,3,60,1,0,370000,370000,0,395900,395900,423613,423613,453266,453266
4541,FAHMEMG,5,60,1,0,32088600,32088600,0,34334802,34334802,36738238,36738238,39309915,39309915
4551,FUNAPEC,3,60,1,0,72858997,72858997,0,72395032,72395032,70657772,70657772,68847490,68847490
4551,FUNAPEC,3,60,9,0,1000,1000,0,0,1000,0,1000,0,1000
4631,FPP - MG,5,60,1,0,1888740,1888740,0,0,0,0,0,0,0
4631,FPP - MG,5,10,1,0,202945266,202945266,0,217151435,217151435,232352035,232352035,248616677,248616677
4631,FPP - MG,3,10,1,0,186969413,186969413,0,200057272,200057272,214061281,214061281,229045571,229045571
4631,FPP - MG,5,95,1,0,624261829,624261829,0,825000000,825000000,825000000,825000000,825000000,825000000
4641,FGP - MG,3,10,1,0,1000,1000,0,1000,1000,1000,1000,1000,1000
4651,FECIDAT,3,10,1,0,2000,2000,0,2000,2000,2000,2000,2000,2000
4711,FFP - MG,3,10,1,0,8757182,8757182,0,9300185,9300185,9881198,9881198,10502882,10502882
4711,FFP - MG,1,10,1,0,5679933819,5679933819,0,5834251473,5834251473,5992778586,5992778586,6155617330,6155617330
4711,FFP - MG,4,10,1,0,9065000,9065000,0,0,0,0,0,0,0
4711,FFP - MG,1,15,1,0,3081895777,3081895777,0,3165635572,3165635572,3251650705,3251650705,3340002999,3340002999
4721,FEPREMG,3,10,1,0,1000,1000,0,1000,1000,1000,1000,1000,1000
